id,0,1,2,3,4,5,6,7,8,9,Truth,Total
332_i170,19.23439636362534,17.930062474669217,15.195857686981247,13.425577973973544,13.425577973973544,12.540745630200668,11.340700188513848,10.208915950786226,6.3099384818217041,5.1580149923527765,1,124.769787717
332_i150,17.370598403384768,16.860700222829621,16.393441982212927,13.944925423520601,12.745402667021963,12.540745630200668,11.491182121671907,10.793131757540429,5.9196626013166478,5.0771941525484268,1,123.136984962
332_i110,16.393442983365905,14.228387593904378,13.677827575379036,13.425576631035257,12.540745630200668,12.345679284886357,11.491181137843189,10.668238784191358,5.5764502429795639,4.5721514964400596,1,114.91968136
332_i180,19.23439636362534,16.860700222829621,15.195857686981247,13.186845549170069,11.811116031403524,11.647841760259114,11.340700188513848,10.793131757540429,6.2848067545849355,5.474681494313665,1,121.830077809
332_c,9.1217735551169081,8.9003375064052612,8.098839261563338,7.8436847997127943,7.6560993415060823,7.3181478737174608,6.8860065931213361,6.8860065931213361,6.8533631150126713,5.316804827740885,1,74.881063467
264_i110,3.9434255201067785,3.9372838064287174,3.9250851419714379,3.8774018025934396,3.8090312357781557,3.7547405456481013,3.723261016351695,3.7078156730966727,3.5861715871180215,3.4715712750645604,0,37.7357876042
321_r,4.0391547971823698,4.0064735430291201,3.8832671940842065,3.8201749590918883,3.7707831068995206,3.7180911495500952,3.6875180540335464,3.6479042838142006,3.4715712750645604,3.4590441913351313,0,37.5039825541
293_i110,4.6302041953704469,4.4256391089013114,4.4016015908355026,4.2779254471896024,4.2021744458196002,4.1449078728275213,4.1249284109660085,4.1166703223023493,4.1050919207042904,3.6193848760349869,0,42.048528191
311_i170,3.8314177645181884,3.6875180540335464,3.6381987567241558,3.6001390988115647,3.5186975973271326,3.5186975973271326,3.5013393058769364,3.4384640789518279,3.4343918204860606,3.2305484423835384,0,35.3994125164
251_i170,2.7437924732608905,2.7251541659167784,2.7050845028883339,2.6884587757923404,2.6775436532242578,2.673876721226093,2.6410347379741346,2.640866787173894,2.6239082301148797,2.5696545484774442,0,26.689374596
Conclusion,100.54260242,93.5622566989,87.1150613796,80.0907104609,76.1571716832,74.2034740658,70.2278517549,66.9011459885,48.1653560292,41.9490502967,-,738.914680777
