id,0,1,2,3,4,5,6,7,8,9,Truth,Total
340_i250,14.851669683597674,13.425576631035257,13.425576631035257,12.960463595492103,11.811116031403524,11.340700188513848,9.9009899529344079,9.9009899529344079,8.9003380966105503,5.6295146888370899,1,112.146935452
340_i190,15.565280445789682,14.851669683597674,14.529963327206731,13.425576631035257,12.345679284886357,11.19600038983228,10.430973164948844,10.208915950786226,8.7613945346498916,5.7787931483344135,1,117.094246561
340_i150,10.922533576732798,10.922533576732798,10.318146761747327,9.8043974778704186,9.7105868197196124,9.1993528748445996,8.6287788815859017,8.5020251601711099,8.208128326894446,6.4673462759761051,1,92.6838297323
340_i230,14.851669683597674,13.677827575379036,13.425577973973544,13.425576631035257,13.425576631035257,11.19600038983228,11.056720651326822,10.208915950786226,8.9003380966105503,6.5790908519832803,1,116.747294436
340_c,10.547597989442844,10.103092940695699,9.8043974778704186,8.5020251601711099,8.5020251601711099,8.3807124637422081,7.9938136635845503,7.2404430937725266,7.0565420339998077,5.3017594081584232,1,83.4324093916
349_i190,4.1069934609236682,4.0129462038902188,3.8657507368145398,3.825784176190099,3.7870334383068243,3.7815934495842241,3.760065152670073,3.6333751699644905,3.6001390988115647,3.5723660427017436,0,37.9460469299
341_i190,5.7936757638042984,5.5423693475413618,5.4047049461207495,5.3734068256459189,5.3515994725198199,5.1923877353405592,5.1872921409665445,5.1197180374037661,4.6514609606901365,3.8407273893216201,0,51.4573426194
286_i110,4.8443420836748121,4.8104306074304359,4.6408857423893792,4.6110504947156761,4.5530681671319275,4.4881142285113791,4.4522250525722802,4.4171846859873627,4.3495193535520142,4.3087774823879501,0,45.4755978984
271_i130,6.9999851832703452,6.178343544383023,6.1759230855810543,6.0420676575118053,5.9968397715398813,5.9634704209202525,5.8853553377733094,5.7441441462366578,5.6111991733582247,5.5460019974751482,0,60.143330318
291_l,1.9298461104275157,1.9076426717421093,1.9007100057548094,1.9001053260679333,1.8966930665396755,1.89023543665479,1.8871276190497033,1.8857160382921587,1.8857160382921587,1.8544703911342926,0,18.938262704
Conclusion,90.4135939813,85.4324327824,83.4916366885,79.8704539757,77.3802178433,72.6285675778,69.1833416174,66.8614281863,61.9247757135,48.8788476763,-,736.065296042
