id,0,1,2,3,4,5,6,7,8,9,Truth,Total
293_i110,16.231968498068316,15.788907874787085,11.997218591841634,11.751805173849103,10.444684053934614,9.469632394376573,9.4235137538583018,9.077454781821741,6.6491293767766582,6.1066366213578824,1,106.940951121
293_i150,15.44122086415604,15.066065521539137,13.807400051602487,12.242376828034887,11.085281716045538,9.910154439584435,9.7089459257713351,7.6051675028566921,6.8833523278643982,6.0110365265546548,1,107.761001704
293_i250,14.348956866332029,13.217705011843721,12.540744458445724,11.98148482573696,11.478798255233635,11.475614473144551,11.220197554043672,8.3718638912975969,7.0118835154649242,5.7491526929924319,1,107.396401545
293_i210,17.017169301465231,13.425576631035257,12.159476036347634,11.794479366966041,10.60381129670535,10.174703628320282,9.4637618993829857,8.4569748570740888,6.404126276787486,5.4938894281951374,1,104.993968722
293_r,6.8508290635350111,6.0376732370657296,6.0282569167664226,5.9406408146833201,5.8710087377640141,5.8374341293339329,5.8039286099804954,5.7153701582190726,5.5614766344301767,5.541898381591154,1,59.1885166834
288_i160,4.5746105719087327,4.534222514748584,4.4790605953635394,4.3813461697346341,4.3676827527374531,4.2947776759995726,4.2180007641459785,4.2178525703678966,4.170328037622987,4.1556932297945446,0,43.3935748824
301_i210,5.1306467558961169,4.9473978740828795,4.9384079139214148,4.8725230042130594,4.4603962227238192,4.4331748591009204,4.3725724495042639,4.3406624948986225,4.3177848576447566,4.2253016409974791,0,46.038868073
282_i160,4.7951652150031308,4.6714240194273318,4.660796457114448,4.6502409859559632,4.5705331916899823,4.548622699604965,4.4846929520443313,4.3860695783514858,4.3618840793747795,4.0343508482993924,0,45.1637800269
266_c,4.0794494306457922,3.8943655932597796,3.8715630369913066,3.583945366707824,3.3152250669278551,3.2794750037082787,3.2678426543622394,3.2063402251653503,3.0771874671887209,3.0661410117484018,0,34.6415348567
271_i250,4.7927122012125363,4.7736683561906048,4.7173217588095246,4.6555348616144858,4.5935250000355525,4.5359455002023052,4.5183365436324623,4.487052825643401,4.4663146003451839,3.8621652999757585,0,45.4025769477
Conclusion,93.2627287682,86.357006634,79.2002458172,75.8543773975,70.7909462938,67.9595348034,66.4817931067,59.8648088857,52.9034671735,48.2462656815,-,700.921174562
