id,0,1,2,3,4,5,6,7,8,9,Truth,Total
298_i150,19.23439636362534,18.547703939398129,16.860700222829621,16.393441982212927,13.944925423520601,13.18684684477323,12.960464846993192,10.668238784191358,7.5239416998740802,7.1284027486573365,1,136.449062856
298_i110,16.860700222829621,13.186845549170069,12.745402667021963,11.647841760259114,11.491182121671907,11.056721562168359,10.922533576732798,10.922533576732798,7.6112735216694949,6.5790908519832803,1,113.02412541
298_i170,17.930062474669217,16.860701281867179,16.860700222829621,15.195857686981247,12.745402667021963,11.98148482573696,11.647841760259114,9.8043974778704186,7.6560993415060823,6.8860065931213361,1,127.568554332
298_i120,15.195857686981247,15.195857686981247,13.425577973973544,12.159476036347634,11.340700188513848,10.793131757540429,10.000505228532949,9.1993528748445996,7.3579529787694202,6.4947471484989494,1,111.163159561
298_c,14.529963327206731,13.677827575379036,13.425577973973544,11.19600038983228,10.103092940695699,9.9009906833119139,9.7105868197196124,9.1217735551169081,7.6112743849159834,7.1284027486573365,1,106.405490399
271_i130,3.6999816295200731,3.6901641797198281,3.6209362446229227,3.5195667822303229,3.4595302841608682,3.4356978614942837,3.4058610355341257,3.1959580440258311,3.167406492588388,2.9310934350925524,0,34.126195989
328_i190,3.4796657241648359,3.4629617803486727,3.4300981081134179,3.2822347807633983,3.2731504909027684,3.2490084663914693,3.2456429585020983,2.935609006100528,2.9185163664703646,2.7842035770859566,0,32.0610912588
301_i210,3.6381987567241558,3.6048310221105426,3.5723660427017436,3.4715712750645604,3.4262908666373009,3.4062869956895621,3.3711472065132622,3.0942502831518857,3.0421083429443283,2.8548184091749871,0,33.4818692007
318_i140,2.4735059053288682,2.4135308305186154,2.3798461220869691,2.3537631691213523,2.3366769509045477,2.3239928082810977,2.2878044022363455,2.205536555717623,2.1854279314276011,2.1019450347846163,0,23.0620297104
306_i160,4.0726499091803969,4.0194504050750544,3.9250851419714379,3.7924972451954884,3.7761767166693612,3.7761767166693612,3.733665604656736,3.2825144499074472,3.2137679572896585,3.0563270622990042,0,36.6483112089
Conclusion,101.114982,94.6598742506,90.2462907201,83.012251108,75.8971286507,73.1103385221,71.2860534397,64.4301646077,52.2877690175,47.9450376094,-,753.989889926
