id,0,1,2,3,4,5,6,7,8,9,Truth,Total
344_i170,18.61372723341405,13.75908963995132,13.585885228745228,13.233077415836329,12.429224950433131,12.26083623705154,10.283475419657501,9.523522803014016,5.2924233407601147,4.7324428332327777,1,113.713705102
344_i120,11.70067415421782,11.176409985159781,10.758006717029007,10.758006717029007,10.595493111784746,9.3247935346132262,8.648400141498314,8.0824387890892435,5.1567819400710748,4.711305312052386,1,90.9123104025
344_i130,12.521238178068113,11.361661818031386,11.311096487561016,10.809296840222792,10.772221367196677,10.74129565180907,10.433687967439621,10.174383541282969,5.5490286393485366,4.6276419244668139,1,98.3015524154
344_i160,14.975131631336847,13.370226927795443,12.533365575474924,11.78804549780728,11.594322396516262,11.433034490389161,10.321389669762853,10.174383541282969,6.1814843809349034,4.8978280648693753,1,107.269212176
344_c,9.0586712741422595,8.9764668693483305,8.6452610937162291,8.1469181018125667,7.7741455022701667,7.6248783886867049,7.3775304833528557,7.1380760810712749,5.7442950918721118,5.0954182518507087,1,75.5816611381
255_i230,4.0464756566587017,4.0163097219212425,3.8594781423886295,3.8531227745356063,3.8416011122374871,3.8304612105696676,3.7767641117731694,3.6800539783552213,3.5403035365219155,3.4040950603648397,0,37.8486653053
267_i130,4.6014403434727784,4.5904918930587382,4.584206878725432,4.5802577397779256,4.5135108063682186,4.4836118980925601,4.4399007554460166,4.3904969613143363,4.1204865486271176,3.7397269038478744,0,44.0441307287
266_i190,4.3330009602552382,4.3048888279711326,4.2959348466542409,4.2078707370068535,4.1323513077749112,3.9993647478139804,3.9956493390371071,3.9189422503621123,3.7964749784713199,3.5773747918439045,0,40.5618527872
342_l,4.4539226312962734,4.2781070736852547,3.9476715277525725,3.8865326688009723,3.8845466420213843,3.8016623995872587,3.7645540684870613,3.7644543954501892,3.7549401300823608,3.5835687302767738,0,39.1199602674
348_i230,2.3974901745738442,2.3095525347466599,2.286207277066207,2.2820945960154879,2.2546049533889669,2.2495228040119315,2.2477330555519561,2.2445553996070085,2.2186484576077801,2.1912416667657286,0,22.6816509193
Conclusion,86.7017722374,78.1432052917,75.8071137751,73.5452230888,71.79202215,69.7494613626,65.289085012,63.0913077408,45.3548670443,40.5606435396,-,670.034701242
