id,0,1,2,3,4,5,6,7,8,9,Truth,Total
318_i130,11.818327453384317,9.8526511677425059,9.3573154706947879,8.056421244470215,7.5196462650471823,6.3436548447718044,6.0710110268520809,4.4831428445068928,4.4712487119767417,3.7141928403878026,1,71.6876118698
318_i110,11.663551105804144,10.961137934429164,9.7531004442337927,9.5828307074250603,9.4417995977684193,8.6919884224163351,7.6167651383786872,7.0619405017423542,4.2646258507544506,3.3745497549318748,1,82.4122894579
318_i140,11.409333293607576,10.968588949426136,6.9464431606257087,6.4221473832069575,5.8331344847781201,5.819222697157298,4.7849567036982981,4.4655513982825532,4.1767639762320554,4.0116515339332883,1,64.8377935809
318_i170,13.731557101712998,10.35572707674592,10.17597183370931,9.5523609539855645,8.2725606596992698,6.4992532544414434,6.4480981177635517,4.9190000245539292,4.1593037542188149,3.5245591497753979,1,77.6383919266
318_c,6.0947482678248761,5.6270209543437089,5.465586481221778,5.067386942665947,4.9722501865996831,4.902007473344784,4.7657692141400236,4.3294742827914199,4.2372185858538858,3.9649797643906206,1,49.4264421532
277_i110,3.4735528790683241,2.8371022302827424,2.7013280996767337,2.643704029490848,2.484337482241088,2.3481361365143769,2.3215023607433678,2.2239655113634536,2.2144675086042671,2.0659755977083902,0,25.3140718357
299_i210,3.0452535425961984,2.9826301147466552,2.5961561906288373,2.5748136585749539,2.3966430403855812,2.236697542153792,2.1808505310415636,2.1162483062492936,2.0088250387710453,1.8914017231136226,0,24.0295196883
342_i140,2.7658786262858657,2.4579398692350867,2.3755710953301792,2.2774012748751278,2.2556480068358327,2.0890329171635549,2.0645379225603104,2.003869084683525,1.9593821545841741,1.8559221984138419,0,22.10518315
294_i190,2.4307456434125774,2.1691529049510239,2.1462478993099978,2.1076399546907538,2.0554013477037625,1.9447478896255235,1.9340461036735501,1.8767285401502141,1.8604876837159086,1.7751982289678094,0,20.3003961962
334_i180,3.7026755057643963,2.9335232279634913,2.7812699282959286,2.7269181679034258,2.7062141821509806,2.5193448429771728,2.4814252998466948,2.4413060525231138,2.3461587047152008,2.2698361042600519,0,26.9086720164
Conclusion,70.1356234195,61.1454744299,54.2989906037,51.0116243173,47.9376352532,43.3940860206,40.6689624187,35.9212265468,31.6984819694,28.4482668959,-,464.660371875
