id,0,1,2,3,4,5,6,7,8,9,Truth,Total
302_i210,15.565280445789682,13.186845549170069,12.345679284886357,12.345679284886357,11.056722473010046,11.056721562168359,9.7105868197196124,9.36066201030137,5.5590939158193295,4.3007657290080914,1,104.488037075
302_i110,11.647842771095993,11.056722473010046,11.056721562168359,10.547597989442844,10.547597989442844,10.547597989442844,10.103092940695699,9.7105868197196124,4.878982300470101,4.6209315440856233,1,94.7176743796
302_i120,13.186845549170069,11.647842771095993,10.547597989442844,10.547597989442844,10.547597989442844,10.103092940695699,10.103092940695699,9.7105868197196124,5.1858274452040201,4.9751243043431552,1,96.5552067393
302_i170,17.370597279324357,14.228387593904378,14.228387593904378,13.186845549170069,11.647842771095993,11.647842771095993,10.547597989442844,10.103092940695699,5.3017594081584232,4.5817837745936298,1,112.844137671
302_r,8.5020251601711099,7.8436847997127943,7.8436847997127943,7.6560993415060823,7.6560993415060823,7.6560993415060823,7.4813904113807679,7.3181478737174608,5.5590939158193295,4.9263486792180267,1,72.4426736643
282_i120,3.0822783092804165,2.9711082352213074,2.8803206472922493,2.8512274522135979,2.8400972135577733,2.8036771690670212,2.7868709611650977,2.7617017776463411,2.7441120044030529,2.6669796289425491,0,28.3883733988
349_i150,3.4384640789518279,3.3905340639303887,3.3149253867777166,3.2171028143498916,3.1777535696907209,3.1649545752446291,3.1274672760462083,3.0912827539025263,3.0449362984151289,3.0006157562707489,0,31.9680365736
253_i170,3.4146117869949988,3.2495927743418456,3.2048283093591143,3.1933675253389735,3.1564824022672875,3.0833880322427762,3.0796408988385857,3.0679882181611244,3.0205479689360586,2.8427962314593063,0,31.3132441479
314_i140,3.9715269391749359,3.9221506568157412,3.8296082817280497,3.8000384096785473,3.7857307023813824,3.7602054667615659,3.7416117988301956,3.6990014898813817,3.6403001714556051,3.4991685997351585,0,37.6493425164
296_i150,3.5769503456665985,3.5407637912626586,3.5056551116053196,3.4884880532173348,3.4715712750645604,3.4062873414797181,3.4062873414797181,3.3749981308701553,3.2579533659160878,3.0225320226073706,0,34.0514867792
Conclusion,83.7564226656,75.0376327085,72.7574089669,70.8340444092,67.8874957275,67.2298671897,64.0876393783,62.1980488346,42.1926067946,38.4370462703,-,644.418212945
