id,0,1,2,3,4,5,6,7,8,9,Truth,Total
300_i190,11.056722473010046,8.7613945346498916,8.7613945346498916,8.5020251601711099,8.0458113169865086,7.4813912454167717,7.4813912454167717,7.0214192959851918,4.878982300470101,4.6209312259010265,1,76.6114633327
300_i180,9.7105868197196124,8.7613939627282065,8.2644629931158438,8.2644629931158438,8.0458113169865086,7.6560993415060823,7.3181478737174608,7.3181478737174608,4.6209312259010265,4.3330840528767514,1,74.2931284534
300_i160,13.186845549170069,12.345679284886357,12.345679284886357,12.345679284886357,10.103092940695699,9.7105868197196124,8.7613945346498916,7.4813904113807679,4.6611017245819335,4.3999722135772696,1,95.3414220484
300_i210,10.547597989442844,9.0461294663439613,8.7613945346498916,8.7613945346498916,8.0458108346726096,7.1651681920582488,7.0214192959851918,6.8860065931213361,5.1306471481474016,4.4346009266170308,1,75.8001695157
300_c,5.629514216597939,5.4258468185747697,5.1306471481474016,5.1306471481474016,5.0771941525484268,5.0771941525484268,5.0253807876877952,4.878982300470101,4.6611017245819335,4.2382434956861585,1,50.274751945
340_i230,4.3661434358529423,4.3007657290080914,4.2691608365079592,4.2382437633513819,4.2079892056626997,4.178374765169246,4.1493776857219773,3.9872420676701221,3.9620265148446028,3.8201753940191843,0,41.4794993978
331_i130,4.2382437633513819,4.0931520156061261,3.8427599467017957,3.7761767166693612,3.7129426043809146,3.672512331497138,3.6142711186275376,3.5954651523015873,3.5056551116053196,3.3445568573999926,0,37.3957356181
264_i120,4.1209769171312152,3.912999250807315,3.7761767166693612,3.7336660201088705,3.7129426043809146,3.5587188461127277,3.5587188461127277,3.5407637912626586,3.4548985235665906,3.3004022491141463,0,36.6702637653
278_i110,2.9376234246018367,2.9075805862282054,2.859496567071393,2.8048306923742872,2.7786486851211185,2.7700832214087394,2.7700829927247783,2.7615965407311984,2.7122651939786642,2.6504264652368232,0,27.9526343695
345_i250,3.4062873414797181,3.3445568573999926,3.3149253867777166,3.2441637030097108,3.2038243184033726,3.190708687073017,3.1649545752446291,3.139814424845123,3.103204086867128,2.9791694952904511,0,32.0916088764
Conclusion,69.2005419304,62.8994985062,61.3260979492,60.8012900165,56.9340679798,54.4608376025,52.8651389559,50.6108284515,40.6908135545,38.1215623757,-,547.910677322
