id,0,1,2,3,4,5,6,7,8,9,Truth,Total
264_i110,19.765661094074741,17.193688556432527,17.183456038268215,15.572795140699979,15.108358558573123,14.78619442971717,14.368626908825606,13.611479076416057,13.558012210274093,8.9947828738221425,1,150.143054887
264_i230,15.96318490329441,15.195857686981247,14.851671326988008,14.529963327206731,13.944925423520601,11.98148482573696,11.491182121671907,11.460636940855919,10.532158496108137,7.9938136635845503,1,127.944878716
264_i120,21.550266799709281,17.541256730498887,16.274879183992624,15.448914955187361,15.209883637901235,15.091019556564488,14.763476466493877,14.474714594842135,12.66456393276188,9.1445884226768133,1,152.163564281
