id,0,1,2,3,4,5,6,7,8,9,Truth,Total
269_i150,16.06315893415265,10.185789511110624,10.14168225248422,9.1211654358768239,8.9209745566143557,8.5704730481246827,6.9902868629215007,5.8959557330946781,5.7280059142605007,5.6438149072870463,1,87.2613071559
269_i180,18.547706502527262,16.860700222829621,15.963185852585129,15.963183004713308,11.628875028379891,11.056722473010046,10.922534465600098,10.793131757540429,7.6112735216694949,7.3984153173252274,1,126.745728146
