id,0,1,2,3,4,5,6,7,8,9,Truth,Total
304_i120,7.6477670262385544,7.3109686096158599,6.1837456644390381,5.9437351262042535,5.6250343463152488,5.2017593349510092,5.0341730703602314,4.5975669837497204,4.2755782358031578,3.7269358003127917,1,55.547264198
304_i140,5.6566531930206319,5.4168821620284566,5.1479107536248367,4.907764474179535,4.8630133614019782,4.7751693715570873,4.7741145880358555,4.731961314701322,4.5377379110197733,3.9578700305889569,1,48.7690771602
304_i190,10.928760973536267,9.095739356377873,8.5120358566393257,7.6970132132337872,6.7991902965260911,6.6726900113168037,6.6120378465257241,5.7585639629445202,4.2756994580005374,3.3052352122457411,1,69.6569661873
304_i250,12.286860411695146,7.1982937662502486,6.049019685530987,5.8653038116800369,5.6598829941923512,5.0578584545835854,5.0533277556220693,4.5788489368255165,4.0276354449774292,3.5842305760206141,1,59.3612618374
304_c,5.5845219131904615,5.128129738255069,4.942641241047375,4.884869848833052,4.2556840329609624,4.0740582066599274,3.9595196160902986,3.8014759060465404,3.6984686065460934,3.5058763460930122,1,43.8352454557
306_i140,3.939043895268493,3.8961151069163313,3.872838358790526,3.6780676910851637,3.4715888745739956,3.3944644589939461,3.2571333297144034,3.2465784659690882,2.9622868766206727,2.7751498177190865,0,34.4932668757
350_i130,1.0243285919082088,1.02128719243087,1.0204039718421964,1.019580146450755,1.019083146741411,0.96865040223107823,0.96460379060470536,0.96216022764964104,0.96216022764964104,0.96060030835407695,0,9.92285800586
334_i180,1.0976782909611205,1.0310296021155474,1.0243285919082088,1.0232469157512536,1.0222337258698648,1.02128719243087,1.0204040339040026,1.019580146450755,1.019083146741411,0.96865051408321268,0,10.2475221602
