id,0,1,2,3,4,5,6,7,8,9,Truth,Total
282_i170,14.228389102252329,13.186845549170069,12.345679284886357,11.962245230148389,11.056721562168359,10.547597989442844,8.5020251601711099,4.9751243043431552,4.5936457410779923,4.2419930521988922,1,95.6402669759
282_i160,20.004082773932986,15.565278640678457,14.228389102252329,13.186845549170069,11.647842771095993,11.433884765928241,7.3181478737174608,5.2298458904303455,4.9751243043431552,3.9149651525123939,1,107.504406824
282_i120,13.947788932966615,12.211122182287353,11.948990715216024,11.361278082458409,11.218710123380243,9.8509901124001651,9.3217334894467552,5.0276773927919463,4.9761557709744091,4.2151127301545026,1,94.0795595321
282_i190,24.390244434306776,17.370598403384768,17.370597279324357,14.228387593904378,11.312419731157188,11.056721562168359,7.8436838829429316,5.3627248064803981,4.9995295162686011,4.2110468950582192,1,118.145954105
282_c,7.3181478737174608,6.2111802621919976,5.7026863221814237,5.629514216597939,5.5590939158193295,5.4709815196601985,5.4258472572622143,5.242830904165352,5.2288646557540099,4.1807565552165364,1,55.9699034826
308_c,3.2065206968424347,3.1777535696907209,2.8784420511456945,2.7960210576429168,2.7487806047179704,2.7448543488108434,2.7448543488108434,2.7365969774334458,2.6135667461542349,2.5996544021754335,0,28.2470448034
344_i120,2.5858371771872459,2.4007122457641472,2.3872097010736906,2.2816006721332522,2.2663867179125017,2.2395067457004538,2.2388601745101098,2.23746281307197,2.1973518727409469,2.1534519235364811,0,22.9883800436
323_c,3.7306842103539468,3.3905340639303887,3.2171031227965226,3.2038243184033726,3.1649545752446291,3.0934966013930851,2.9376231674188023,2.9376231674188023,2.9349247124689337,2.7786486851211185,0,31.3894166245
319_i160,3.0518948883901063,2.7203033840182518,2.7042976884445826,2.5906626380298232,2.5651257832627015,2.5583837491863219,2.5546886924366445,2.5319384614353377,2.5126344045982805,2.4513422369975042,0,26.2412719268
305_i210,3.1819663914343597,2.859496567071393,2.7872943735063429,2.7365969774334458,2.6808106501365554,2.6610266312922288,2.6521015191801958,2.6504266745910154,2.6283053322935417,2.5319384614353377,0,27.3699635784
Conclusion,95.6455564814,79.0938248682,75.5706896408,69.9769763359,64.2208464349,61.657444026,51.5395655659,38.9322513922,37.6601030567,33.2789100944,-,607.576167896
