id,0,1,2,3,4,5,6,7,8,9,Truth,Total
304_i190,14.228387593904378,13.186845549170069,12.345679284886357,11.647841760259114,10.103092940695699,8.2644629931158438,7.8436838829429316,6.8860065931213361,5.3627248064803981,4.6611014008412761,1,94.5298268054
304_i140,9.7105868197196124,8.5020251601711099,7.6560993415060823,7.3181478737174608,6.5224991038395217,6.2111802621919976,6.0268477050309075,6.0268477050309075,5.5590939158193295,5.242830904165352,1,68.7761587912
304_i250,12.345679284886357,11.647841760259114,11.647841760259114,11.056722473010046,11.056722473010046,9.7105868197196124,9.7105868197196124,8.0458108346726096,6.3099384818217041,4.9751243043431552,1,96.5068550117
304_i120,15.565280445789682,14.228387593904378,12.345679284886357,11.647841760259114,11.056721562168359,11.056721562168359,8.7613939627282065,8.2644629931158438,6.5224991038395217,4.9751243043431552,1,104.424112573
304_c,7.3181478737174608,5.9406408146833201,5.858037627786608,5.5590934553209577,5.4912560023987167,5.3017594081584232,5.1858274452040201,5.1306471481474016,4.6611014008412761,4.2382434956861585,1,54.6847546719
282_c,3.7336660201088705,3.5056551116053196,3.4548985235665906,3.4222620339181247,3.3445568573999926,3.3004022491141463,3.2860685643322252,3.1777532687433885,3.0912827539025263,3.0449360220988373,0,33.3614814048
287_c,2.5583837491863219,2.4572700865342334,2.4513420579130147,2.4223326873587374,2.4110143122364853,2.3567107823928519,2.3411225081682576,2.3258398496934514,2.301021114272606,2.2913138652790042,0,23.916351013
321_r,3.5587188461127277,3.3445568573999926,3.2860685643322252,3.2579533659160878,3.190708687073017,3.190708687073017,3.1649545752446291,3.1523092043825898,3.0449362984151289,3.0449362984151289,0,32.2358513844
314_i230,3.3566128345671724,3.3534551269314936,3.282612714674463,3.2402696205207158,3.0703435534009182,3.0473775745834941,3.0374906929999401,2.9916980604218635,2.9591154270076565,2.9068274521310071,0,31.2458030572
328_i190,3.652786035201288,3.4884880532173348,3.3905340639303887,3.3749981308701553,3.3149250592880652,3.2860685643322252,3.2860685643322252,3.2579533659160878,3.2171028143498916,2.9898347199158892,0,33.2587593714
Conclusion,76.0282495032,69.6551661139,65.7187932237,62.9474631612,59.5618405515,55.7259789028,52.6440447207,49.2593290232,43.0288161168,38.3702727672,-,572.939954084
