id,0,1,2,3,4,5,6,7,8,9,Truth,Total
265_i140,10.103092180196466,9.710585414607424,9.710585414607424,8.5020256987321297,7.0214192959851918,7.0214178267212022,6.8860065931213361,6.6371845382788459,5.9406408146833201,4.5063877238353953,1,76.0393455008
265_i250,10.103092180196466,9.360661357466693,8.2644619753465651,6.5224991038395217,6.2111802621919976,6.21117911245556,6.0268471637776688,5.7787936459505422,5.4258472572622143,4.300765453387501,1,68.2053275119
265_i180,17.370597279324357,14.228389102252329,11.056721562168359,10.547597989442844,9.7105868197196124,9.0461294663439613,8.5020246216101594,7.8436838829429316,7.1651681920582488,5.6295146888370899,1,101.100413605
265_i150,17.370599527445329,17.370598403384768,15.565280445789682,15.565276835567653,11.647841760259114,10.547597160552233,10.547597160552233,8.0458113169865086,6.8860065931213361,6.7581550558178156,1,120.304764259
265_r,9.360661357466693,8.2644629931158438,7.4813904113807679,7.1651681920582488,7.1651681920582488,7.1651681920582488,6.4135731194820753,6.4135731194820753,6.3099384818217041,4.788215087263664,1,70.5273191462
264_i120,2.519019721866639,2.4937655489675787,2.4875697929080522,2.4454568205069593,2.433812377960467,2.428052199563258,2.4054141813424921,2.2913138652790042,2.2769807636713999,2.0754095642297772,0,23.8567948363
298_i110,2.3309006246371466,2.286506081250494,2.2817285163027714,2.2769807636713999,2.2769807636713999,2.2355447335885499,2.2005523181158333,2.2005523181158333,2.1550168376772261,1.8573511944830108,0,22.1021141515
293_i210,2.222227662888649,2.222227662888649,2.1962930194007808,2.1878478042483467,2.1630859095559405,2.1510162110561861,2.1313418629482541,2.0826133501354782,2.0718355381709244,1.8471647537058054,0,21.275653775
277_i140,3.0336718141071954,3.0115137449619729,2.9478464126661721,2.8977693790838583,2.8317676789252118,2.7786486851211185,2.7615965407311984,2.7365967542449736,2.7042976884445826,2.330900786556088,0,28.0346094848
281_i140,2.7615965407311984,2.6504266745910154,2.5516947211584884,2.5384727102466607,2.5319384614353377,2.5254541121987355,2.5000078916798798,2.37261473047371,2.3411225081682576,2.1470376918508585,0,24.9203660425
Conclusion,77.1754588889,71.5991369835,64.5435722717,60.6490952974,53.9937815218,52.1102076997,50.3749614534,46.4027375219,43.2768546751,36.240902,-,556.366708313
