id,0,1,2,3,4,5,6,7,8,9,Truth,Total
252_i160,31.502238532933443,16.238187875788118,16.003189287634108,14.788993464569915,14.097800795674944,12.815399696537503,8.9406854183006192,8.7770180788147254,7.5732604910462173,7.2207206426924513,1,137.957494284
252_i190,32.165044966731962,22.960430607758955,22.960430607758955,17.141078833739893,16.345399700116001,14.697147574866614,11.61354125796136,9.4638119467561577,8.8374442698117512,8.6215799408805882,1,164.805909706
252_i130,15.375802461271817,14.337911233766155,13.623226634408073,13.425818364255409,12.946007380883916,12.144711753972466,11.369252411363876,9.4294920721811533,9.3023636408413868,8.9831031841097495,1,120.937689137
252_i140,11.400920116274895,9.2151387135620286,8.6228599947792919,8.6090018213554131,8.048591370100473,8.043150788780066,7.8202526952190965,7.7854209649604016,7.7258303883556527,7.2691727797758139,1,84.5403396332
252_c,7.954088226536169,7.4072641431786144,7.1840880065168484,6.920101222358829,6.2721818611167901,6.2208652002601541,5.7171269036671468,5.6303284745842852,5.5473745830258663,5.2586881655010735,1,64.1121067867
303_i140,2.2625821913565733,2.177767447695341,2.1655498872922014,2.1230730725885287,2.110167854005446,2.0412373507560075,2.0063371031901016,1.9964590372096589,1.9618096425089135,1.9279639532210484,0,20.7729475398
282_i120,1.8455702704040666,1.7982413123273475,1.7746797712239188,1.7286053070624066,1.7256966190121381,1.6808071895331096,1.6543213541444213,1.6499931003108059,1.6386268768523409,1.5907803301020136,0,17.087322131
319_i130,1.827044640034617,1.7528561640393039,1.7491629754572764,1.742414810661485,1.7271535611915663,1.6740550484732448,1.6653118268269329,1.6572914693433214,1.6223482243046035,1.6116523601784996,0,17.0292910805
331_i150,2.2198862603090599,2.130148069212356,2.1293710567089716,2.1187190460641747,2.1048765770967051,2.0142882802349296,1.9753368724176525,1.9726123019392237,1.9143805348094316,1.8877631483757096,0,20.4673821472
328_i110,2.5168779886948749,2.4197620173392758,2.3838089892751655,2.2692091947238775,2.2284988248820188,2.1611379691417625,2.1504115889649551,2.0770710803481598,2.0419943589890255,2.0244617483327563,0,22.2732337607
Conclusion,109.070055655,80.4377075847,78.5963672111,70.8670151374,67.6063745441,63.4928008526,54.9125774321,50.4394985264,48.1654330105,46.3958862532,-,669.983716207
