id,0,1,2,3,4,5,6,7,8,9,Truth,Total
298_i150,17.370598403384768,17.370597279324357,14.228387593904378,14.228387593904378,11.056721562168359,9.0461300760433296,8.2644629931158438,5.858037627786608,5.629514216597939,3.4384640789518279,1,106.491301425
298_i110,11.647841760259114,10.547597989442844,9.0461300760433296,8.0458113169865086,7.4813904113807679,7.3181478737174608,7.0214185613531201,6.0268477050309075,5.858037627786608,3.7761767166693612,1,76.7694000387
298_i170,17.370597279324357,14.228387593904378,14.228387593904378,13.186845549170069,11.647841760259114,9.7105868197196124,9.360661357466693,5.4912560023987167,5.4258468185747697,3.5407637912626586,1,104.191174566
298_i120,14.228387593904378,11.647841760259114,10.547597989442844,10.103092940695699,9.7105868197196124,7.8436838829429316,7.4813904113807679,5.1858274452040201,4.9263486792180267,3.5587188461127277,1,85.2334763689
298_c,7.8436838829429316,7.3181478737174608,6.8860065931213361,6.4135725065389595,6.3099378885272044,5.858037627786608,5.629514216597939,5.4258468185747697,4.0658838553422507,2.968617646226003,1,58.7192489094
331_r,4.8329583417496123,4.7446935311841312,4.3661431517890179,4.178374765169246,4.1209766640729946,4.0658841016794938,4.0658838553422507,3.9620265148446028,3.2038240124977539,2.5996544021754335,0,40.1404193405
327_i210,2.8074191408737486,2.6147881358696359,2.5496144852598968,2.5462207728874926,2.5408495268588367,2.5408495268588367,2.5309638875467826,2.5063791001146605,2.2614627556984428,2.0487307066160767,0,24.9472780386
285_c,4.5436158015651227,4.300765453387501,4.0931520156061261,3.8427599467017957,3.8427599467017957,3.652786035201288,3.5230781524530448,3.4222620339181247,3.3905340639303887,3.2441637030097108,0,37.8558771525
273_c,2.4904282157525253,2.4304966808381359,2.39218897426889,2.3675696777736226,2.357776912186718,2.3347619766262966,2.3319323427651346,2.3319321807028452,2.1348696179034787,2.0532719823449579,0,23.2252285612
299_r,3.5056547453462072,3.103204086867128,2.968617646226003,2.9174919403205601,2.8784420511456945,2.7872941419718238,2.7531872291482524,2.4572700865342334,2.4166534594853624,2.1274713343457861,0,27.9152867214
Conclusion,86.6411851651,78.3065203848,71.3062261196,67.8301270101,61.947283543,55.1581620625,52.9624930072,42.6676855151,39.312975107,29.3560332077,-,585.488691122
